actor_id,first_name,last_name,last_update,actorid
1,Penelope,Guiness,2013-05-26 14:47:57.62,a94f4186-73e2-11ec-9c19-93a546b18d33
2,Nick,Wahlberg,2013-05-26 14:47:57.62,a94f48f2-73e2-11ec-9c19-2f4c8b626c07
3,Ed,Chase,2013-05-26 14:47:57.62,a94f4be0-73e2-11ec-9c19-4bc960a98651
4,Jennifer,Davis,2013-05-26 14:47:57.62,a94f4f00-73e2-11ec-9c19-e35dd2b49fa9
5,Johnny,Lollobrigida,2013-05-26 14:47:57.62,a94f5464-73e2-11ec-9c19-af00a8128c0c
6,Bette,Nicholson,2013-05-26 14:47:57.62,a94f573e-73e2-11ec-9c19-f79d7c169e2e
7,Grace,Mostel,2013-05-26 14:47:57.62,a94f5a0e-73e2-11ec-9c19-ebb89b8d3646
8,Matthew,Johansson,2013-05-26 14:47:57.62,a94f5ebe-73e2-11ec-9c19-3f54ca3400cf
9,Joe,Swank,2013-05-26 14:47:57.62,a94f6a4e-73e2-11ec-9c19-8b0830ce956e
10,Christian,Gable,2013-05-26 14:47:57.62,a94f6cce-73e2-11ec-9c19-673ffb5b019f
11,Zero,Cage,2013-05-26 14:47:57.62,a94f6ed6-73e2-11ec-9c19-4f9fc950b1a6
12,Karl,Berry,2013-05-26 14:47:57.62,a94f71a6-73e2-11ec-9c19-5fd4c21972cf
13,Uma,Wood,2013-05-26 14:47:57.62,a94f7476-73e2-11ec-9c19-9bd8b0c9a47f
14,Vivien,Bergen,2013-05-26 14:47:57.62,a94f7bec-73e2-11ec-9c19-23d65750bd7e
15,Cuba,Olivier,2013-05-26 14:47:57.62,a94f7e08-73e2-11ec-9c19-6f68ee3d35e4
16,Fred,Costner,2013-05-26 14:47:57.62,a94f8074-73e2-11ec-9c19-4f07eae9ce98
17,Helen,Voight,2013-05-26 14:47:57.62,a94f82ea-73e2-11ec-9c19-eb244bf3688d
18,Dan,Torn,2013-05-26 14:47:57.62,a94f85ba-73e2-11ec-9c19-5bd1fba8633d
19,Bob,Fawcett,2013-05-26 14:47:57.62,a94f8894-73e2-11ec-9c19-e310e9187da3
20,Lucille,Tracy,2013-05-26 14:47:57.62,a94f8b5a-73e2-11ec-9c19-3ba5dfa2d4c7
21,Kirsten,Paltrow,2013-05-26 14:47:57.62,a94f8e2a-73e2-11ec-9c19-c361e3408a5e
22,Elvis,Marx,2013-05-26 14:47:57.62,a94f90f0-73e2-11ec-9c19-8be98b8d1d11
23,Sandra,Kilmer,2013-05-26 14:47:57.62,a94f93c0-73e2-11ec-9c19-67f160c4543f
24,Cameron,Streep,2013-05-26 14:47:57.62,a94f9690-73e2-11ec-9c19-0f18cb19e242
25,Kevin,Bloom,2013-05-26 14:47:57.62,a94f9956-73e2-11ec-9c19-b3af50b6ad42
26,Rip,Crawford,2013-05-26 14:47:57.62,a94f9c26-73e2-11ec-9c19-3711bec12bfb
27,Julia,Mcqueen,2013-05-26 14:47:57.62,a94f9ef6-73e2-11ec-9c19-bb04d7c1746e
28,Woody,Hoffman,2013-05-26 14:47:57.62,a94fa1c6-73e2-11ec-9c19-a75ea6a4adbf
29,Alec,Wayne,2013-05-26 14:47:57.62,a94fa4c8-73e2-11ec-9c19-4338f44c4ea5
30,Sandra,Peck,2013-05-26 14:47:57.62,a94fa9a0-73e2-11ec-9c19-77183aea6e5e
31,Sissy,Sobieski,2013-05-26 14:47:57.62,a94fac20-73e2-11ec-9c19-d77758a01c73
32,Tim,Hackman,2013-05-26 14:47:57.62,a94faefa-73e2-11ec-9c19-1305dd9bd226
33,Milla,Peck,2013-05-26 14:47:57.62,a94fb1d4-73e2-11ec-9c19-a3bd15e9f073
34,Audrey,Olivier,2013-05-26 14:47:57.62,a94fb4a4-73e2-11ec-9c19-dfe4b8e3795b
35,Judy,Dean,2013-05-26 14:47:57.62,a94fb77e-73e2-11ec-9c19-632931a74010
36,Burt,Dukakis,2013-05-26 14:47:57.62,a94fba4e-73e2-11ec-9c19-4f599b577125
37,Val,Bolger,2013-05-26 14:47:57.62,a94fbd28-73e2-11ec-9c19-5f4fb4b01219
38,Tom,Mckellen,2013-05-26 14:47:57.62,a94fbff8-73e2-11ec-9c19-23825472f47f
39,Goldie,Brody,2013-05-26 14:47:57.62,a94fc2c8-73e2-11ec-9c19-0351cffd8914
40,Johnny,Cage,2013-05-26 14:47:57.62,a94fc598-73e2-11ec-9c19-7f51c51293fd
41,Jodie,Degeneres,2013-05-26 14:47:57.62,a94fc868-73e2-11ec-9c19-dbcfaf61a0c5
42,Tom,Miranda,2013-05-26 14:47:57.62,a94fcdc2-73e2-11ec-9c19-c3b645abad9d
43,Kirk,Jovovich,2013-05-26 14:47:57.62,a94fd06a-73e2-11ec-9c19-7fdb746dacc1
44,Nick,Stallone,2013-05-26 14:47:57.62,a94fd344-73e2-11ec-9c19-9fde8b13c14b
45,Reese,Kilmer,2013-05-26 14:47:57.62,a94fd60a-73e2-11ec-9c19-ebe4731480ca
46,Parker,Goldberg,2013-05-26 14:47:57.62,a94fd8da-73e2-11ec-9c19-cb56ef5b0f2f
47,Julia,Barrymore,2013-05-26 14:47:57.62,a94fdbbe-73e2-11ec-9c19-c31f61d71f60
48,Frances,Day-Lewis,2013-05-26 14:47:57.62,a94fde8e-73e2-11ec-9c19-13f04c739241
49,Anne,Cronyn,2013-05-26 14:47:57.62,a94fe154-73e2-11ec-9c19-97a5669bc1d8
50,Natalie,Hopkins,2013-05-26 14:47:57.62,a94fe42e-73e2-11ec-9c19-b7afd2ff2a00
51,Gary,Phoenix,2013-05-26 14:47:57.62,a94fe712-73e2-11ec-9c19-6f0b50e24f98
52,Carmen,Hunt,2013-05-26 14:47:57.62,a94fea5a-73e2-11ec-9c19-f393ec6663ea
53,Mena,Temple,2013-05-26 14:47:57.62,a94fed34-73e2-11ec-9c19-e72e3aaf10f0
54,Penelope,Pinkett,2013-05-26 14:47:57.62,a94ff310-73e2-11ec-9c19-9facb1d1e406
55,Fay,Kilmer,2013-05-26 14:47:57.62,a94ff5fe-73e2-11ec-9c19-83374c6f92c4
56,Dan,Harris,2013-05-26 14:47:57.62,a94ff8ec-73e2-11ec-9c19-cbb4c3641efd
57,Jude,Cruise,2013-05-26 14:47:57.62,a94ffc3e-73e2-11ec-9c19-6bee11fa904d
58,Christian,Akroyd,2013-05-26 14:47:57.62,a94fff0e-73e2-11ec-9c19-93ea4c1529b4
59,Dustin,Tautou,2013-05-26 14:47:57.62,a9500206-73e2-11ec-9c19-e3e36870aa8d
60,Henry,Berry,2013-05-26 14:47:57.62,a95004e0-73e2-11ec-9c19-af5f4bafecd2
61,Christian,Neeson,2013-05-26 14:47:57.62,a95007a6-73e2-11ec-9c19-7b5386847849
62,Jayne,Neeson,2013-05-26 14:47:57.62,a9500a76-73e2-11ec-9c19-a7b65306c16c
63,Cameron,Wray,2013-05-26 14:47:57.62,a9500d5a-73e2-11ec-9c19-a354e203c882
64,Ray,Johansson,2013-05-26 14:47:57.62,a950102a-73e2-11ec-9c19-abe886da4311
65,Angela,Hudson,2013-05-26 14:47:57.62,a950176e-73e2-11ec-9c19-9bded4cba1a0
66,Mary,Tandy,2013-05-26 14:47:57.62,a9501ac0-73e2-11ec-9c19-d707e9b6501a
142,Jada,Ryder,2013-05-26 14:47:57.62,a951288e-73e2-11ec-9c19-133a0dd7eefb
67,Jessica,Bailey,2013-05-26 14:47:57.62,a9501da4-73e2-11ec-9c19-c77c5ee64c6d
68,Rip,Winslet,2013-05-26 14:47:57.62,a9502358-73e2-11ec-9c19-eb9569c05087
69,Kenneth,Paltrow,2013-05-26 14:47:57.62,a9502632-73e2-11ec-9c19-4f0716a599ea
70,Michelle,Mcconaughey,2013-05-26 14:47:57.62,a9502902-73e2-11ec-9c19-470322797d4c
71,Adam,Grant,2013-05-26 14:47:57.62,a9502be6-73e2-11ec-9c19-33d37af63a6e
72,Sean,Williams,2013-05-26 14:47:57.62,a9502ec0-73e2-11ec-9c19-9752096572e1
73,Gary,Penn,2013-05-26 14:47:57.62,a9503190-73e2-11ec-9c19-6fc54c5f530b
74,Milla,Keitel,2013-05-26 14:47:57.62,a9503460-73e2-11ec-9c19-2b4649b7f218
75,Burt,Posey,2013-05-26 14:47:57.62,a9503758-73e2-11ec-9c19-ff1d2552d92f
76,Angelina,Astaire,2013-05-26 14:47:57.62,a9503a28-73e2-11ec-9c19-07e121d62248
77,Cary,Mcconaughey,2013-05-26 14:47:57.62,a9503cf8-73e2-11ec-9c19-0b9ce4360010
78,Groucho,Sinatra,2013-05-26 14:47:57.62,a9503fc8-73e2-11ec-9c19-b3ae07d2487b
79,Mae,Hoffman,2013-05-26 14:47:57.62,a950455e-73e2-11ec-9c19-b3b24681d567
80,Ralph,Cruz,2013-05-26 14:47:57.62,a9504842-73e2-11ec-9c19-17d88e9e91f2
81,Scarlett,Damon,2013-05-26 14:47:57.62,a9504b58-73e2-11ec-9c19-d37e4bc2386a
82,Woody,Jolie,2013-05-26 14:47:57.62,a9504df6-73e2-11ec-9c19-2b4ecf0ca7ee
83,Ben,Willis,2013-05-26 14:47:57.62,a9505012-73e2-11ec-9c19-eb7cd4ea48f7
84,James,Pitt,2013-05-26 14:47:57.62,a95051d4-73e2-11ec-9c19-b78449c5c9da
85,Minnie,Zellweger,2013-05-26 14:47:57.62,a9505454-73e2-11ec-9c19-7f2a5d58c0af
143,River,Dean,2013-05-26 14:47:57.62,a9505724-73e2-11ec-9c19-872a755951c2
86,Greg,Chaplin,2013-05-26 14:47:57.62,a9505a08-73e2-11ec-9c19-c362462be988
87,Spencer,Peck,2013-05-26 14:47:57.62,a9505ce2-73e2-11ec-9c19-0b94010ffbbb
88,Kenneth,Pesci,2013-05-26 14:47:57.62,a9505fb2-73e2-11ec-9c19-a7e43c214d59
89,Charlize,Dench,2013-05-26 14:47:57.62,a950628c-73e2-11ec-9c19-5b5d1b2b9f46
90,Sean,Guiness,2013-05-26 14:47:57.62,a9506570-73e2-11ec-9c19-879c1a74dc48
91,Christopher,Berry,2013-05-26 14:47:57.62,a9506b2e-73e2-11ec-9c19-27c229631eaa
92,Kirsten,Akroyd,2013-05-26 14:47:57.62,a9506e08-73e2-11ec-9c19-8ba3fab7c965
93,Ellen,Presley,2013-05-26 14:47:57.62,a95070e2-73e2-11ec-9c19-67034d5ecad5
94,Kenneth,Torn,2013-05-26 14:47:57.62,a95073c6-73e2-11ec-9c19-d3860f9c4fc5
95,Daryl,Wahlberg,2013-05-26 14:47:57.62,a9507696-73e2-11ec-9c19-4f4bd6f5cc5d
96,Gene,Willis,2013-05-26 14:47:57.62,a950795c-73e2-11ec-9c19-b7c7b29c5fa7
97,Meg,Hawke,2013-05-26 14:47:57.62,a95083a2-73e2-11ec-9c19-47f03d281e14
98,Chris,Bridges,2013-05-26 14:47:57.62,a9508c62-73e2-11ec-9c19-f318afa8816b
99,Jim,Mostel,2013-05-26 14:47:57.62,a95090cc-73e2-11ec-9c19-03736911b293
100,Spencer,Depp,2013-05-26 14:47:57.62,a950961c-73e2-11ec-9c19-eb80c79600bc
101,Susan,Davis,2013-05-26 14:47:57.62,a950995a-73e2-11ec-9c19-cf30037093bb
102,Walter,Torn,2013-05-26 14:47:57.62,a9509c5c-73e2-11ec-9c19-cf3eb418c01e
103,Matthew,Leigh,2013-05-26 14:47:57.62,a9509f2c-73e2-11ec-9c19-7b4bebfd1e7e
104,Penelope,Cronyn,2013-05-26 14:47:57.62,a950a206-73e2-11ec-9c19-27e325dc715d
105,Sidney,Crowe,2013-05-26 14:47:57.62,a950a4d6-73e2-11ec-9c19-977534f72fa2
106,Groucho,Dunst,2013-05-26 14:47:57.62,a950a7b0-73e2-11ec-9c19-bfde164c9553
107,Gina,Degeneres,2013-05-26 14:47:57.62,a950aa76-73e2-11ec-9c19-dffadac5a2ab
108,Warren,Nolte,2013-05-26 14:47:57.62,a950ad82-73e2-11ec-9c19-73704dffb929
109,Sylvester,Dern,2013-05-26 14:47:57.62,a950b048-73e2-11ec-9c19-3781189280be
110,Susan,Davis,2013-05-26 14:47:57.62,a950b318-73e2-11ec-9c19-7f35a85231ed
111,Cameron,Zellweger,2013-05-26 14:47:57.62,a950bbd8-73e2-11ec-9c19-6f994bf2c6c9
112,Russell,Bacall,2013-05-26 14:47:57.62,a950bf8e-73e2-11ec-9c19-abf9b1b0e54d
113,Morgan,Hopkins,2013-05-26 14:47:57.62,a950c2e0-73e2-11ec-9c19-2381b4d238a5
114,Morgan,Mcdormand,2013-05-26 14:47:57.62,a950c5ba-73e2-11ec-9c19-cb17a54a4a8b
115,Harrison,Bale,2013-05-26 14:47:57.62,a950c880-73e2-11ec-9c19-235bba5271d0
116,Dan,Streep,2013-05-26 14:47:57.62,a950cb5a-73e2-11ec-9c19-731af6aeeca8
117,Renee,Tracy,2013-05-26 14:47:57.62,a950ce2a-73e2-11ec-9c19-a73183f9f308
118,Cuba,Allen,2013-05-26 14:47:57.62,a950d104-73e2-11ec-9c19-4b43ecf92b4e
119,Warren,Jackman,2013-05-26 14:47:57.62,a950d3d4-73e2-11ec-9c19-07b5165786ed
120,Penelope,Monroe,2013-05-26 14:47:57.62,a950d6a4-73e2-11ec-9c19-73f340b73488
121,Liza,Bergman,2013-05-26 14:47:57.62,a950d97e-73e2-11ec-9c19-9bebb081e5c9
122,Salma,Nolte,2013-05-26 14:47:57.62,a950df1e-73e2-11ec-9c19-8b731ab63707
123,Julianne,Dench,2013-05-26 14:47:57.62,a950e1f8-73e2-11ec-9c19-978e6b3e8ca5
124,Scarlett,Bening,2013-05-26 14:47:57.62,a950e4c8-73e2-11ec-9c19-63c29d5def3c
125,Albert,Nolte,2013-05-26 14:47:57.62,a950e856-73e2-11ec-9c19-ebe4426cbc66
126,Frances,Tomei,2013-05-26 14:47:57.62,a950eb3a-73e2-11ec-9c19-33738a371551
127,Kevin,Garland,2013-05-26 14:47:57.62,a950eebe-73e2-11ec-9c19-730db913fde1
128,Cate,Mcqueen,2013-05-26 14:47:57.62,a950f22e-73e2-11ec-9c19-4f4fb94a2258
129,Daryl,Crawford,2013-05-26 14:47:57.62,a950f56c-73e2-11ec-9c19-3f6cf5f4f7b5
130,Greta,Keitel,2013-05-26 14:47:57.62,a950fba2-73e2-11ec-9c19-9fafb76fcb85
131,Jane,Jackman,2013-05-26 14:47:57.62,a95104da-73e2-11ec-9c19-534f8d7744d2
132,Adam,Hopper,2013-05-26 14:47:57.62,a9510854-73e2-11ec-9c19-cf3b7e883fba
133,Richard,Penn,2013-05-26 14:47:57.62,a9510b9c-73e2-11ec-9c19-9bd52b46a4c4
134,Gene,Hopkins,2013-05-26 14:47:57.62,a9510f52-73e2-11ec-9c19-83b7d27b7ad1
135,Rita,Reynolds,2013-05-26 14:47:57.62,a95112a4-73e2-11ec-9c19-4bb97285c22d
136,Ed,Mansfield,2013-05-26 14:47:57.62,a95115f6-73e2-11ec-9c19-57da5c90c8d4
137,Morgan,Williams,2013-05-26 14:47:57.62,a9511934-73e2-11ec-9c19-cf1a599891db
138,Lucille,Dee,2013-05-26 14:47:57.62,a9511c5e-73e2-11ec-9c19-43fbf07154b6
139,Ewan,Gooding,2013-05-26 14:47:57.62,a9511f92-73e2-11ec-9c19-a3cbf0be2ac5
140,Whoopi,Hurt,2013-05-26 14:47:57.62,a9512276-73e2-11ec-9c19-cbeec4276bfe
141,Cate,Harris,2013-05-26 14:47:57.62,a9512550-73e2-11ec-9c19-0be6dd6bfb5e
144,Angela,Witherspoon,2013-05-26 14:47:57.62,a9512b36-73e2-11ec-9c19-171407c9341a
145,Kim,Allen,2013-05-26 14:47:57.62,a951314e-73e2-11ec-9c19-7f381d358e74
146,Albert,Johansson,2013-05-26 14:47:57.62,a951341e-73e2-11ec-9c19-93404a2b6556
147,Fay,Winslet,2013-05-26 14:47:57.62,a951370c-73e2-11ec-9c19-73687357a3b8
148,Emily,Dee,2013-05-26 14:47:57.62,a9513a2c-73e2-11ec-9c19-f78ed9bff9e4
149,Russell,Temple,2013-05-26 14:47:57.62,a9513d10-73e2-11ec-9c19-0bf4856055ea
150,Jayne,Nolte,2013-05-26 14:47:57.62,a9513fea-73e2-11ec-9c19-cf43123748d2
151,Geoffrey,Heston,2013-05-26 14:47:57.62,a9514314-73e2-11ec-9c19-975980e4a581
152,Ben,Harris,2013-05-26 14:47:57.62,a95145ee-73e2-11ec-9c19-a349337a39c5
153,Minnie,Kilmer,2013-05-26 14:47:57.62,a95148be-73e2-11ec-9c19-3706e26a1965
154,Meryl,Gibson,2013-05-26 14:47:57.62,a9514b98-73e2-11ec-9c19-17eb3bab272c
155,Ian,Tandy,2013-05-26 14:47:57.62,a9514e86-73e2-11ec-9c19-ff7b6c27a829
156,Fay,Wood,2013-05-26 14:47:57.62,a951587c-73e2-11ec-9c19-e7db2113f057
157,Greta,Malden,2013-05-26 14:47:57.62,a9515be2-73e2-11ec-9c19-d708ffb401c6
158,Vivien,Basinger,2013-05-26 14:47:57.62,a9515ebc-73e2-11ec-9c19-6b3c89c91832
159,Laura,Brody,2013-05-26 14:47:57.62,a9516196-73e2-11ec-9c19-cf17fb419802
160,Chris,Depp,2013-05-26 14:47:57.62,a9516470-73e2-11ec-9c19-677db91bc61f
161,Harvey,Hope,2013-05-26 14:47:57.62,a951674a-73e2-11ec-9c19-0755f1aba4f7
162,Oprah,Kilmer,2013-05-26 14:47:57.62,a9516bc8-73e2-11ec-9c19-c788a57478a7
163,Christopher,West,2013-05-26 14:47:57.62,a9516eb6-73e2-11ec-9c19-f70d132bbb8c
164,Humphrey,Willis,2013-05-26 14:47:57.62,a95171e0-73e2-11ec-9c19-b7a333927f85
165,Al,Garland,2013-05-26 14:47:57.62,a95174ce-73e2-11ec-9c19-3b5177b60b2e
166,Nick,Degeneres,2013-05-26 14:47:57.62,a9517a8c-73e2-11ec-9c19-539e3b865c97
167,Laurence,Bullock,2013-05-26 14:47:57.62,a9517d7a-73e2-11ec-9c19-33f0ebec47f5
168,Will,Wilson,2013-05-26 14:47:57.62,a951805e-73e2-11ec-9c19-8b79b74fa7e4
169,Kenneth,Hoffman,2013-05-26 14:47:57.62,a9518338-73e2-11ec-9c19-db472ab53d63
170,Mena,Hopper,2013-05-26 14:47:57.62,a95186e4-73e2-11ec-9c19-d74228d5c82b
171,Olympia,Pfeiffer,2013-05-26 14:47:57.62,a95189be-73e2-11ec-9c19-974c5d18455d
172,Groucho,Williams,2013-05-26 14:47:57.62,a9518c98-73e2-11ec-9c19-874636b0078d
173,Alan,Dreyfuss,2013-05-26 14:47:57.62,a9518f72-73e2-11ec-9c19-37f26bba8bbb
174,Michael,Bening,2013-05-26 14:47:57.62,a9519242-73e2-11ec-9c19-03332c836b56
175,William,Hackman,2013-05-26 14:47:57.62,a9519512-73e2-11ec-9c19-ef1ebb60af21
176,Jon,Chase,2013-05-26 14:47:57.62,a95197ec-73e2-11ec-9c19-8753d003e9db
177,Gene,Mckellen,2013-05-26 14:47:57.62,a9519ac6-73e2-11ec-9c19-ef690e4ff3e7
178,Lisa,Monroe,2013-05-26 14:47:57.62,a9519d96-73e2-11ec-9c19-837d74070f9e
179,Ed,Guiness,2013-05-26 14:47:57.62,a951a390-73e2-11ec-9c19-73a525e6c7cd
180,Jeff,Silverstone,2013-05-26 14:47:57.62,a951a930-73e2-11ec-9c19-7379918d4392
181,Matthew,Carrey,2013-05-26 14:47:57.62,a951b1dc-73e2-11ec-9c19-739af2e031ad
182,Debbie,Akroyd,2013-05-26 14:47:57.62,a951b588-73e2-11ec-9c19-bf33cfd42075
183,Russell,Close,2013-05-26 14:47:57.62,a951b86c-73e2-11ec-9c19-777069afbe56
184,Humphrey,Garland,2013-05-26 14:47:57.62,a951bb50-73e2-11ec-9c19-eb260c286be8
185,Michael,Bolger,2013-05-26 14:47:57.62,a951be2a-73e2-11ec-9c19-1f68cd8dc1c9
186,Julia,Zellweger,2013-05-26 14:47:57.62,a951c10e-73e2-11ec-9c19-63b2b608d1a2
187,Renee,Ball,2013-05-26 14:47:57.62,a951c3e8-73e2-11ec-9c19-db23c4017b22
188,Rock,Dukakis,2013-05-26 14:47:57.62,a951c9d8-73e2-11ec-9c19-3fab72526ea4
189,Cuba,Birch,2013-05-26 14:47:57.62,a951ccbc-73e2-11ec-9c19-bb68b7873922
190,Audrey,Bailey,2013-05-26 14:47:57.62,a951cf8c-73e2-11ec-9c19-67501cc8f583
191,Gregory,Gooding,2013-05-26 14:47:57.62,a951d266-73e2-11ec-9c19-e77b8f5cb26c
192,John,Suvari,2013-05-26 14:47:57.62,a951d540-73e2-11ec-9c19-fba80a70ac36
193,Burt,Temple,2013-05-26 14:47:57.62,a951d824-73e2-11ec-9c19-cfb62b6c1c0a
194,Meryl,Allen,2013-05-26 14:47:57.62,a951dafe-73e2-11ec-9c19-b328a6e139b4
195,Jayne,Silverstone,2013-05-26 14:47:57.62,a951ddce-73e2-11ec-9c19-8f53861c3db5
196,Bela,Walken,2013-05-26 14:47:57.62,a951e0a8-73e2-11ec-9c19-839bb411fc3f
197,Reese,West,2013-05-26 14:47:57.62,a951e382-73e2-11ec-9c19-bf5b718276ce
198,Mary,Keitel,2013-05-26 14:47:57.62,a951e652-73e2-11ec-9c19-f3d46fe00df5
199,Julia,Fawcett,2013-05-26 14:47:57.62,a951e940-73e2-11ec-9c19-1fe4650702d3
200,Thora,Temple,2013-05-26 14:47:57.62,a951ec10-73e2-11ec-9c19-3371e2a5f540
